unix_epoch_in_miliseconds,timezone_at_sync,bbi
1636616409212,-8,788
1636616410000,-8,1023
1636616411023,-8,810
1636616411833,-8,777
1636616412610,-8,776
1636616413388,-8,784
1636616414172,-8,783
1636616414955,-8,785
1636616415740,-8,769
1636616416509,-8,780
1636616417293,-8,875
1636616418168,-8,875
1636616419043,-8,741
1636616419784,-8,757
1636616420541,-8,647
1636616421191,-8,709
1636616421900,-8,759
1636616422659,-8,750
1636616423409,-8,750
1636616424159,-8,756
1636616424917,-8,747
1636616425664,-8,740
1636616426404,-8,742
1636616427146,-8,759
1636616427905,-8,750
1636616428661,-8,771
1636616429432,-8,812
1636616430244,-8,929
1636616431173,-8,695
1636616431868,-8,682
1636616433300,-8,752
1636616434052,-8,749
1636616434801,-8,743
1636616435544,-8,773
1636616436319,-8,809
1636616437128,-8,790
1636616437918,-8,770
1636616438688,-8,768
1636616439456,-8,708
1636616440171,-8,601
1636616440772,-8,666
1636616441438,-8,683
1636616442121,-8,760
1636616442881,-8,780
1636616443662,-8,770
1636616444432,-8,786
1636616445218,-8,791
1636616446009,-8,783
1636616446792,-8,780
1636616448332,-8,770
1636616449102,-8,762
1636616449864,-8,742
1636616450606,-8,745
1636616451354,-8,770
1636616452124,-8,784
1636616452908,-8,801
1636616453709,-8,834
1636616454543,-8,883
1636616455431,-8,797
1636616456228,-8,771
1636616456999,-8,766
1636616457765,-8,766
1636616458531,-8,749
1636616460277,-8,699
1636616460976,-8,703
1636616461679,-8,696
1636616462375,-8,703
1636616463078,-8,743
1636616464262,-8,638
1636616466212,-8,692
1636616466904,-8,676
1636616467580,-8,727
1636616468307,-8,774
1636616469081,-8,813
1636616469898,-8,782
1636616470680,-8,789
1636616471469,-8,785
1636616472254,-8,788
1636616473042,-8,790
1636616473833,-8,791
1636616474624,-8,789
1636616475413,-8,788
1636616476201,-8,780
1636616476981,-8,790
1636616477775,-8,797
1636616478572,-8,841
1636616479413,-8,868
1636616480281,-8,798
1636616481079,-8,779
1636616482624,-8,775
1636616483399,-8,767
1636616484166,-8,736
1636616484902,-8,740
1636616485650,-8,738
1636616486388,-8,748
1636616487136,-8,756
1636616487892,-8,755
1636616488647,-8,715
1636616490104,-8,733
1636616490837,-8,715
1636616491552,-8,721
1636616492273,-8,712
1636616492989,-8,731
1636616493720,-8,710
1636616494430,-8,703
1636616495133,-8,651
1636616495784,-8,568
1636616496353,-8,603
1636616496956,-8,655
1636616497611,-8,685
1636616498296,-8,712
1636616499008,-8,706
1636616499718,-8,726
1636616500444,-8,705
1636616501149,-8,688
1636616501837,-8,732
1636616502569,-8,704
1636616504272,-8,696
1636616504968,-8,693
1636616505661,-8,650
1636616506311,-8,651
1636616506962,-8,653
1636616507954,-8,678
1636616508632,-8,684
1636616509316,-8,714
1636616510032,-8,744
1636616510776,-8,778
1636616511554,-8,787
1636616512341,-8,772
1636616513113,-8,762
1636616514628,-8,748
1636616515376,-8,738
1636616516114,-8,713
1636616516827,-8,675
1636616517506,-8,738
1636616518244,-8,786
1636616519030,-8,804
1636616519834,-8,796
1636616520630,-8,792
1636616521426,-8,798
1636616522224,-8,745
1636616522969,-8,750
1636616523719,-8,765
1636616524484,-8,791
1636616525278,-8,810
1636616526088,-8,847
1636616526935,-8,890
1636616527825,-8,783
1636616528608,-8,774
1636616529384,-8,788
1636616530172,-8,862
1636616531034,-8,862
1636616531896,-8,802
1636616532698,-8,783
1636616533483,-8,777
1636616534260,-8,774
1636616535034,-8,772
1636616535806,-8,777
1636616536583,-8,777
1636616537365,-8,751
1636616538116,-8,767
1636616538883,-8,803
1636616539686,-8,846
1636616540532,-8,875
1636616541410,-8,854
1636616542264,-8,833
1636616543097,-8,828
1636616543925,-8,842
1636616544767,-8,809
1636616546344,-8,766
1636616547110,-8,770
1636616547880,-8,767
1636616548647,-8,779
1636616549428,-8,772
1636616550200,-8,780
1636616550980,-8,781
1636616551761,-8,806
1636616552567,-8,833
1636616553404,-8,824
1636616554228,-8,784
1636616555012,-8,755
1636616555767,-8,764
1636616556531,-8,774
1636616558064,-8,765
1636616558829,-8,752
1636616559581,-8,744
1636616560325,-8,740
1636616561069,-8,759
1636616561828,-8,771
1636616562599,-8,742
1636616563341,-8,817
1636616564158,-8,785
1636616567212,-8,776
1636616567988,-8,777
1636616568765,-8,762
1636616569527,-8,758
1636616570285,-8,762
1636616571559,-8,751
1636616572310,-8,733
1636616573043,-8,725
1636616573769,-8,707
1636616574476,-8,710
1636616575186,-8,717
1636616575903,-8,727
1636616576630,-8,745
1636616577381,-8,775
1636616578156,-8,774
1636616578930,-8,777
1636616579707,-8,780
1636616580487,-8,737
1636616581236,-8,737
1636616581973,-8,768
1636616582741,-8,757
1636616583498,-8,744
1636616584312,-8,724
1636616585036,-8,720
1636616585756,-8,737
1636616586493,-8,763
1636616587256,-8,772
1636616588804,-8,820
1636616589624,-8,835
1636616590459,-8,842
1636616591301,-8,840
1636616593143,-8,829
1636616593972,-8,818
1636616594790,-8,809
1636616595599,-8,805
1636616596404,-8,821
1636616597819,-8,805
1636616598624,-8,806
1636616599430,-8,806
1636616600241,-8,803
1636616601044,-8,783
1636616601827,-8,763
1636616602590,-8,761
1636616603351,-8,769
1636616604123,-8,781
1636616604904,-8,809
1636616605713,-8,829
1636616606542,-8,883
1636616608548,-8,900
1636616609448,-8,865
1636616610313,-8,853
1636616611166,-8,833
1636616611999,-8,802
1636616612802,-8,802
1636616613604,-8,812
1636616614416,-8,824
1636616615240,-8,881
1636616616121,-8,949
1636616618069,-8,919
1636616619764,-8,879
1636616620643,-8,857
1636616621536,-8,836
1636616622372,-8,786
1636616623158,-8,725
1636616623883,-8,744
1636616624627,-8,796
1636616625429,-8,831
1636616626260,-8,864
1636616627124,-8,883
1636616628007,-8,928
1636616628935,-8,971
1636616630820,-8,873
1636616631693,-8,856
1636616632549,-8,881
1636616633430,-8,899
1636616634331,-8,933
1636616635264,-8,1053
1636616636317,-8,966
1636616637283,-8,896
1636616638179,-8,884
1636616640061,-8,919
1636616640980,-8,909
1636616641889,-8,897
1636616642786,-8,898
1636616643684,-8,896
1636616645311,-8,840
1636616646151,-8,834
1636616646985,-8,812
1636616647804,-8,804
1636616648608,-8,807
1636616649415,-8,809
1636616650224,-8,807
1636616651031,-8,803
1636616651836,-8,780
1636616652616,-8,747
1636616653363,-8,725
1636616654088,-8,701
1636616654789,-8,710
1636616656228,-8,737
1636616656965,-8,745
1636616657710,-8,754
1636616658464,-8,763
1636616659230,-8,774
1636616660004,-8,783
1636616660787,-8,787
1636616661574,-8,791
1636616662365,-8,790
1636616664158,-8,786
1636616664944,-8,782
1636616665726,-8,779
1636616666505,-8,778
1636616667283,-8,779
1636616668648,-8,813
1636616669500,-8,819
1636616670319,-8,862
1636616671181,-8,814
1636616671995,-8,801
1636616672797,-8,827
1636616673624,-8,845
1636616674469,-8,797
1636616675266,-8,815
1636616676081,-8,835
1636616676923,-8,841
1636616677764,-8,852
1636616678616,-8,838
1636616679454,-8,830
1636616680284,-8,820
1636616681832,-8,861
1636616682693,-8,842
1636616683535,-8,822
1636616684357,-8,805
1636616686160,-8,788
1636616686948,-8,759
1636616687707,-8,758
1636616688465,-8,786
1636616689251,-8,806
1636616690065,-8,819
1636616690884,-8,836
1636616691720,-8,841
1636616692561,-8,862
1636616693423,-8,887
1636616695005,-8,844
1636616695849,-8,832
1636616696681,-8,823
1636616697509,-8,839
1636616698348,-8,854
1636616699202,-8,869
1636616700071,-8,909
1636616702144,-8,896
1636616703040,-8,899
1636616703939,-8,919
1636616704858,-8,965
1636616705823,-8,954
1636616706781,-8,923
1636616707704,-8,895
1636616708599,-8,866
1636616709465,-8,828
1636616710293,-8,824
1636616711888,-8,884
1636616712772,-8,849
1636616713621,-8,889
1636616714513,-8,767
1636616715280,-8,764
1636616716044,-8,761
1636616716805,-8,741
1636616717546,-8,770
1636616718319,-8,853
1636616719172,-8,879
1636616720051,-8,882
1636616721652,-8,840
1636616722492,-8,852
1636616723344,-8,860
1636616724204,-8,866
1636616725070,-8,864
1636616726798,-8,862
1636616727660,-8,855
1636616728515,-8,869
1636616729384,-8,889
1636616730273,-8,896
1636616731173,-8,855
1636616732028,-8,877
1636616732905,-8,881
1636616733786,-8,840
1636616734626,-8,837
1636616736312,-8,809
1636616737121,-8,780
1636616737901,-8,771
1636616738672,-8,777
1636616739453,-8,795
1636616740248,-8,796
1636616741044,-8,815
1636616741859,-8,815
1636616742674,-8,819
1636616743496,-8,820
1636616744316,-8,812
1636616745128,-8,760
1636616745888,-8,772
1636616746660,-8,812
1636616747474,-8,822
1636616748296,-8,814
1636616749110,-8,810
1636616749920,-8,825
1636616750745,-8,812
1636616751563,-8,805
1636616752368,-8,784
1636616753152,-8,797
1636616753949,-8,839
1636616754788,-8,848
1636616756500,-8,851
1636616757351,-8,808
1636616758159,-8,835
1636616760260,-8,860
1636616761120,-8,833
1636616761953,-8,826
1636616762779,-8,810
1636616763589,-8,841
1636616764433,-8,883
1636616765316,-8,929
1636616766245,-8,939
1636616767184,-8,949
1636616768133,-8,1025
1636616769164,-8,864
1636616770028,-8,816
1636616770844,-8,853
1636616771697,-8,863
1636616772560,-8,860
1636616774807,-8,853
1636616775660,-8,833
1636616776493,-8,826
1636616777319,-8,825
1636616778144,-8,834
1636616778980,-8,840
1636616779820,-8,839
1636616780659,-8,787
1636616781446,-8,663
1636616782109,-8,712
1636616782823,-8,793
1636616783616,-8,806
1636616784422,-8,814
1636616785236,-8,822
1636616786058,-8,827
1636616786889,-8,831
1636616787720,-8,830
1636616788550,-8,828
1636616789378,-8,809
1636616790187,-8,775
1636616790964,-8,768
1636616791732,-8,779
1636616792511,-8,785
1636616793296,-8,793
1636616794089,-8,795
1636616795616,-8,802
1636616796418,-8,814
1636616797232,-8,824
1636616798056,-8,810
1636616798872,-8,816
1636616799688,-8,815
1636616800503,-8,805
1636616801308,-8,821
1636616802129,-8,754
1636616803624,-8,756
1636616804380,-8,779
1636616805159,-8,778
1636616805937,-8,751
1636616806881,-8,699
1636616807580,-8,696
1636616808276,-8,742
1636616809018,-8,760
1636616809778,-8,764
1636616810543,-8,769
1636616811312,-8,780
1636616812092,-8,802
1636616812894,-8,841
1636616813735,-8,853
1636616814592,-8,856
1636616815448,-8,849
1636616816297,-8,833
1636616817130,-8,799
1636616817929,-8,745
1636616819236,-8,758
1636616819994,-8,818
1636616820812,-8,795
1636616821607,-8,823
1636616822433,-8,783
1636616823216,-8,820
1636616824036,-8,822
1636616824858,-8,826
1636616825684,-8,807
1636616827316,-8,820
1636616828136,-8,851
1636616828987,-8,799
1636616829786,-8,796
1636616830587,-8,821
1636616831408,-8,837
1636616832245,-8,775
1636616833020,-8,783
1636616833803,-8,815
1636616834620,-8,840
1636616835460,-8,811
1636616836271,-8,815
1636616837086,-8,826
1636616837912,-8,810
1636616838723,-8,773
1636616839496,-8,813
1636616840309,-8,800
1636616841109,-8,786
1636616841895,-8,776
1636616842674,-8,826
1636616843500,-8,805
1636616845118,-8,806
1636616845924,-8,818
1636616846742,-8,827
1636616847569,-8,820
1636616848389,-8,808
1636616850195,-8,801
1636616850996,-8,810
1636616851806,-8,814
1636616852620,-8,804
1636616853424,-8,798
1636616854824,-8,836
1636616855660,-8,836
1636616856496,-8,799
1636616857301,-8,763
1636616858064,-8,775
1636616858839,-8,798
1636616859637,-8,808
1636616860445,-8,813
1636616861262,-8,818
1636616862080,-8,820
1636616862900,-8,797
1636616863697,-8,781
1636616864478,-8,792
1636616866092,-8,802
1636616866894,-8,782
1636616867676,-8,781
1636616868457,-8,782
1636616870024,-8,788
1636616870812,-8,791
1636616871603,-8,784
1636616872387,-8,792
1636616874179,-8,781
1636616874960,-8,777
1636616875737,-8,803
1636616876540,-8,842
1636616877382,-8,890
1636616878917,-8,811
1636616879728,-8,812
1636616880540,-8,816
1636616881358,-8,818
1636616882176,-8,818
1636616882994,-8,818
1636616883812,-8,819
1636616884631,-8,820
1636616885457,-8,819
1636616886276,-8,816
1636616887092,-8,814
1636616887906,-8,811
1636616888717,-8,806
1636616890324,-8,803
1636616891127,-8,810
1636616891937,-8,825
1636616892762,-8,820
1636616893588,-8,796
1636616894384,-8,826
1636616895210,-8,846
1636616896056,-8,869
1636616896925,-8,863
1636616898652,-8,945
1636616899597,-8,896
1636616900493,-8,844
1636616901337,-8,802
1636616902141,-8,1075
1636616903216,-8,837
1636616904053,-8,828
1636616904881,-8,958
1636616905839,-8,850
1636616906691,-8,829
1636616907520,-8,901
1636616908421,-8,851
1636616909272,-8,803
1636616910075,-8,827
1636616910904,-8,776
1636616911680,-8,750
1636616912430,-8,759
1636616913189,-8,741
1636616913930,-8,712
1636616914643,-8,653
1636616915296,-8,644
1636616915940,-8,684
1636616916624,-8,706
1636616917330,-8,714
1636616918051,-8,709
1636616918760,-8,713
1636616919473,-8,718
1636616921096,-8,776
1636616921872,-8,691
1636616922563,-8,684
1636616923247,-8,717
1636616923964,-8,718
1636616924686,-8,722
1636616925408,-8,737
1636616926145,-8,734
1636616926879,-8,713
1636616928511,-8,773
1636616929284,-8,768
1636616930052,-8,798
1636616930850,-8,781
1636616931631,-8,744
1636616933116,-8,741
1636616933857,-8,760
1636616934617,-8,760
1636616935377,-8,762
1636616937142,-8,822
1636616937964,-8,758
1636616938722,-8,755
1636616939477,-8,808
1636616940285,-8,751
1636616950864,-8,684
1636616951548,-8,763
1636616952311,-8,757
1636616953068,-8,730
1636616953798,-8,683
1636616954485,-8,679
1636616955164,-8,683
1636616955847,-8,681
1636616956528,-8,682
1636616957210,-8,674
1636616958532,-8,644
1636616959176,-8,661
1636616959837,-8,663
1636616960500,-8,661
1636616961165,-8,711
1636616961876,-8,813
1636616962689,-8,691
1636616963380,-8,657
1636616964037,-8,650
1636616964691,-8,661
1636616965352,-8,693
1636616966045,-8,672
1636616966717,-8,671
1636616967388,-8,655
1636616968044,-8,652
1636616968696,-8,653
1636616969349,-8,645
1636616969994,-8,641
1636616970635,-8,638
1636616971278,-8,638
1636616971916,-8,613
1636616972529,-8,639
1636616973168,-8,633
1636616973801,-8,631
1636616974435,-8,633
1636616975068,-8,610
1636616975678,-8,592
1636616976270,-8,623
1636616976893,-8,650
1636616978172,-8,634
1636616978806,-8,611
1636616979417,-8,617
1636616980034,-8,623
1636616980662,-8,638
1636616981300,-8,665
1636616981965,-8,654
1636616982619,-8,656
1636616983275,-8,654
1636616983935,-8,653
1636616984588,-8,653
1636616985241,-8,640
1636616985881,-8,619
1636616986500,-8,622
1636616987744,-8,629
1636616988373,-8,621
1636616990080,-8,624
1636616990704,-8,625
1636616991329,-8,619
1636616991948,-8,614
1636616992562,-8,630
1636616993848,-8,720
1636616994568,-8,740
1636616995308,-8,720
1636616996028,-8,695
1636616996724,-8,724
1636616997448,-8,651
1636616998099,-8,630
1636616998729,-8,644
1636616999373,-8,656
1636617000031,-8,621
1636617000652,-8,581
1636617001233,-8,650
1636617001883,-8,665
1636617002548,-8,665
1636617003217,-8,671
1636617003888,-8,697
1636617004585,-8,676
1636617005261,-8,679
1636617005940,-8,682
1636617006623,-8,677
1636617007300,-8,678
1636617007978,-8,725
1636617008703,-8,857
1636617009560,-8,728
1636617010293,-8,711
1636617011004,-8,713
1636617011717,-8,720
1636617012437,-8,752
1636617013189,-8,777
1636617013972,-8,756
1636617014728,-8,741
1636617015469,-8,748
1636617017166,-8,842
1636617018008,-8,748
1636617018756,-8,748
1636617019504,-8,745
1636617020249,-8,751
1636617021780,-8,794
1636617022574,-8,789
1636617023363,-8,774
1636617025355,-8,781
1636617026136,-8,822
1636617026958,-8,823
1636617027781,-8,827
1636617028608,-8,859
1636617029469,-8,859
1636617030328,-8,851
1636617031179,-8,842
1636617032021,-8,837
1636617032858,-8,830
1636617033689,-8,827
1636617034580,-8,787
1636617035367,-8,832
1636617036199,-8,821
1636617037020,-8,815
1636617038624,-8,832
1636617039456,-8,822
1636617040278,-8,806
1636617041084,-8,795
1636617041881,-8,795
1636617042676,-8,802
1636617043478,-8,817
1636617044295,-8,842
1636617045137,-8,914
1636617047054,-8,926
1636617047980,-8,895
1636617048875,-8,905
1636617049780,-8,889
1636617050669,-8,863
1636617052224,-8,876
1636617053100,-8,886
1636617054180,-8,840
1636617055020,-8,870
1636617055890,-8,831
1636617056721,-8,850
1636617057577,-8,863
1636617061112,-8,840
1636617061952,-8,833
1636617062785,-8,826
1636617063611,-8,815
1636617064426,-8,799
1636617065813,-8,822
1636617066635,-8,850
1636617067485,-8,857
1636617068346,-8,846
1636617069192,-8,846
1636617070038,-8,855
1636617070893,-8,864
1636617071757,-8,873
1636617073524,-8,915
1636617074439,-8,908
1636617075347,-8,892
1636617076239,-8,870
1636617078114,-8,834
1636617078948,-8,811
1636617079759,-8,812
1636617080571,-8,817
1636617081388,-8,837
1636617083055,-8,988
1636617084043,-8,872
1636617084915,-8,847
1636617086604,-8,839
1636617087443,-8,833
1636617088276,-8,831
1636617089107,-8,828
1636617089938,-8,822
1636617090760,-8,805
1636617091565,-8,777
1636617092342,-8,774
1636617093116,-8,807
1636617094612,-8,756
1636617095368,-8,809
1636617096177,-8,802
1636617096979,-8,805
1636617098532,-8,794
1636617099326,-8,780
1636617100106,-8,787
1636617100893,-8,787
1636617101682,-8,826
1636617102508,-8,766
1636617103274,-8,820
1636617104094,-8,801
1636617104895,-8,786
1636617105683,-8,777
1636617106460,-8,806
1636617107266,-8,802
1636617108068,-8,761
1636617108829,-8,796
1636617109626,-8,778
1636617110404,-8,779
1636617111183,-8,798
1636617111981,-8,781
1636617112762,-8,769
1636617113534,-8,782
1636617114316,-8,788
1636617115104,-8,782
1636617115886,-8,757
1636617116643,-8,749
1636617118140,-8,736
1636617118876,-8,769
1636617119645,-8,736
1636617120381,-8,787
1636617122171,-8,789
1636617122960,-8,783
1636617123743,-8,776
1636617124519,-8,792
1636617125311,-8,792
1636617126676,-8,782
1636617127458,-8,778
1636617128236,-8,782
1636617129796,-8,785
1636617130581,-8,756
1636617131337,-8,796
1636617132133,-8,764
1636617132899,-8,745
1636617133644,-8,807
1636617134451,-8,758
1636617135209,-8,780
1636617135989,-8,769
1636617136763,-8,793
1636617137556,-8,750
1636617138306,-8,751
1636617139057,-8,763
1636617139820,-8,749
1636617141308,-8,771
1636617142079,-8,775
1636617142854,-8,757
1636617143611,-8,763
1636617144379,-8,785
1636617145164,-8,759
1636617145923,-8,765
1636617146688,-8,764
1636617147452,-8,778
1636617149230,-8,738
1636617149968,-8,744
1636617150712,-8,758
1636617151470,-8,750
1636617152220,-8,752
1636617153517,-8,787
1636617154304,-8,758
1636617155062,-8,782
1636617156624,-8,796
1636617157420,-8,797
1636617158217,-8,781
1636617158998,-8,754
1636617159759,-8,789
1636617160548,-8,762
1636617161310,-8,751
1636617162061,-8,756
1636617162817,-8,747
1636617163715,-8,741
1636617164456,-8,748
1636617165204,-8,740
1636617165944,-8,739
1636617166683,-8,747
1636617167434,-8,770
1636617168204,-8,773
1636617168977,-8,770
1636617169747,-8,743
1636617170490,-8,739
1636617172231,-8,761
1636617172992,-8,797
1636617173789,-8,808
1636617174597,-8,811
1636617175408,-8,809
1636617176832,-8,799
1636617177631,-8,797
1636617178428,-8,795
1636617179996,-8,812
1636617180808,-8,788
1636617181596,-8,849
1636617182449,-8,791
1636617184102,-8,810
1636617184912,-8,790
1636617185702,-8,773
1636617186475,-8,761
1636617187236,-8,760
1636617188752,-8,751
1636617189503,-8,762
1636617190265,-8,789
1636617191054,-8,777
1636617191836,-8,756
1636617192592,-8,755
1636617193347,-8,750
1636617194097,-8,748
1636617194845,-8,753
1636617195599,-8,761
1636617196360,-8,768
1636617197128,-8,774
1636617197902,-8,777
1636617198679,-8,778
1636617199458,-8,778
1636617200236,-8,765
1636617201001,-8,778
1636617201779,-8,750
1636617202529,-8,765
1636617204157,-8,779
1636617204936,-8,755
1636617205691,-8,746
1636617206437,-8,793
1636617207230,-8,757
1636617208529,-8,765
1636617209294,-8,748
1636617210042,-8,763
1636617210864,-8,760
1636617211624,-8,764
1636617212388,-8,758
1636617213146,-8,753
1636617213899,-8,756
1636617214662,-8,778
1636617215440,-8,776
1636617216216,-8,776
1636617216992,-8,785
1636617217777,-8,791
1636617218569,-8,791
1636617219360,-8,791
1636617220151,-8,790
1636617220941,-8,788
1636617221729,-8,785
1636617223296,-8,779
1636617224075,-8,776
1636617224851,-8,759
1636617225610,-8,744
1636617226358,-8,738
1636617227096,-8,763
1636617227859,-8,778
1636617228637,-8,790
1636617229427,-8,799
1636617231032,-8,812
1636617231844,-8,817
1636617232661,-8,823
1636617233484,-8,826
1636617235140,-8,861
1636617236001,-8,864
1636617236865,-8,864
1636617237729,-8,861
1636617238593,-8,855
1636617239448,-8,824
1636617240272,-8,810
1636617241082,-8,803
1636617241885,-8,818
1636617243476,-8,793
1636617244269,-8,870
1636617245139,-8,860
1636617245999,-8,837
1636617246839,-8,857
1636617247696,-8,803
1636617248499,-8,827
1636617249326,-8,800
1636617250126,-8,787
1636617250918,-8,786
1636617251704,-8,786
1636617252490,-8,798
1636617253288,-8,819
1636617254107,-8,824
1636617254936,-8,768
1636617255704,-8,827
1636617256531,-8,803
1636617257334,-8,801
1636617258135,-8,799
1636617259720,-8,790
1636617260510,-8,793
1636617261303,-8,779
1636617262082,-8,798
1636617263660,-8,792
1636617264452,-8,797
1636617265249,-8,756
1636617266005,-8,807
1636617266821,-8,791
1636617267612,-8,769
1636617268381,-8,819
1636617269200,-8,788
1636617269988,-8,765
1636617271556,-8,770
1636617272326,-8,794
1636617273120,-8,763
1636617273883,-8,811
1636617274695,-8,797
1636617275492,-8,793
1636617276285,-8,826
1636617277111,-8,804
1636617277915,-8,805
1636617278726,-8,822
1636617279548,-8,808
1636617280356,-8,769
1636617281125,-8,818
1636617281943,-8,789
1636617282734,-8,786
1636617283520,-8,790
1636617284310,-8,777
1636617285087,-8,786
1636617285873,-8,774
1636617287456,-8,765
1636617288221,-8,800
1636617289021,-8,818
1636617289839,-8,793
1636617290638,-8,806
1636617291444,-8,817
1636617292261,-8,796
1636617293057,-8,785
1636617293842,-8,814
1636617294658,-8,774
1636617295432,-8,762
1636617296194,-8,802
1636617296996,-8,775
1636617297771,-8,786
1636617298561,-8,779
1636617299340,-8,815
1636617300155,-8,809
1636617300964,-8,800
1636617301764,-8,822
1636617302590,-8,846
1636617303436,-8,788
1636617304224,-8,818
1636617305042,-8,820
1636617305862,-8,778
1636617307432,-8,763
1636617308195,-8,772
1636617308967,-8,792
1636617309759,-8,785
1636617311312,-8,805
1636617312117,-8,802
1636617312919,-8,806
1636617313725,-8,808
1636617314539,-8,817
1636617315356,-8,803
1636617316159,-8,775
1636617316934,-8,822
1636617317756,-8,806
1636617319332,-8,810
1636617320142,-8,773
1636617320915,-8,797
1636617321712,-8,764
1636617322481,-8,787
1636617323268,-8,792
1636617324060,-8,767
1636617324827,-8,800
1636617325627,-8,787
1636617326415,-8,777
1636617327192,-8,808
1636617328000,-8,807
1636617328807,-8,775
1636617329582,-8,791
1636617330375,-8,805
1636617331180,-8,759
1636617331939,-8,804
1636617332743,-8,774
1636617333517,-8,781
1636617334305,-8,767
1636617335072,-8,799
1636617335871,-8,760
1636617336631,-8,790
1636617337421,-8,774
1636617338196,-8,804
1636617339000,-8,757
1636617339757,-8,790
1636617340547,-8,765
1636617341312,-8,766
1636617342872,-8,794
1636617343666,-8,768
1636617344434,-8,802
1636617345236,-8,806
1636617346046,-8,778
1636617346824,-8,795
1636617347619,-8,801
1636617348420,-8,761
1636617349181,-8,776
1636617349959,-8,789
1636617350748,-8,761
1636617351509,-8,774
1636617352283,-8,796
1636617353079,-8,759
1636617353839,-8,793
1636617354632,-8,801
1636617355433,-8,815
1636617356248,-8,775
1636617357023,-8,796
1636617357820,-8,800
1636617358620,-8,781
1636617359401,-8,784
1636617360185,-8,780
1636617360965,-8,768
1636617361738,-8,770
1636617362508,-8,760
1636617363268,-8,773
1636617364041,-8,786
1636617364827,-8,803
1636617365632,-8,768
1636617366400,-8,800
1636617367200,-8,797
1636617367997,-8,780
1636617368777,-8,787
1636617369567,-8,797
1636617370364,-8,762
1636617371126,-8,776
1636617371902,-8,768
1636617372670,-8,761
1636617373433,-8,759
1636617374192,-8,761
1636617374953,-8,792
1636617375745,-8,761
1636617376506,-8,764
1636617377275,-8,797
1636617378072,-8,781
1636617378853,-8,776
1636617379629,-8,783
1636617380412,-8,785
1636617381198,-8,754
1636617381952,-8,749
1636617382701,-8,756
1636617383457,-8,792
1636617384249,-8,791
1636617385844,-8,807
1636617386651,-8,793
1636617387444,-8,779
1636617388223,-8,810
1636617389037,-8,799
1636617389836,-8,779
1636617390615,-8,815
1636617391430,-8,778
1636617392208,-8,808
1636617393018,-8,762
1636617393780,-8,812
1636617394592,-8,763
1636617395355,-8,801
1636617396156,-8,775
1636617396934,-8,758
1636617397692,-8,749
1636617398441,-8,749
1636617399190,-8,753
1636617399943,-8,773
1636617400717,-8,763
1636617401480,-8,762
1636617402242,-8,801
1636617403043,-8,794
1636617403837,-8,772
1636617404616,-8,800
1636617405416,-8,810
1636617406226,-8,789
1636617407015,-8,782
1636617407797,-8,787
1636617409352,-8,772
1636617410124,-8,776
1636617410900,-8,767
1636617411667,-8,778
1636617412451,-8,805
1636617413256,-8,768
1636617414024,-8,834
1636617414858,-8,817
1636617415675,-8,788
1636617416464,-8,808
1636617417272,-8,800
1636617418072,-8,762
1636617418834,-8,765
1636617419599,-8,777
1636617420377,-8,743
1636617421120,-8,764
1636617421884,-8,762
1636617422646,-8,753
1636617423399,-8,757
1636617424357,-8,735
1636617425092,-8,749
1636617425841,-8,748
1636617426589,-8,772
1636617427361,-8,777
1636617428140,-8,772
1636617428912,-8,771
1636617429683,-8,773
1636617430456,-8,779
1636617431235,-8,788
1636617432025,-8,807
1636617432832,-8,847
1636617433679,-8,862
1636617434541,-8,890
1636617435431,-8,927
1636617436359,-8,929
1636617437288,-8,859
1636617438147,-8,791
1636617438938,-8,788
1636617439726,-8,761
1636617441188,-8,756
1636617441944,-8,766
1636617442710,-8,776
1636617443486,-8,763
1636617444251,-8,781
1636617445032,-8,787
1636617445819,-8,775
1636617446594,-8,767
1636617447361,-8,786
1636617449152,-8,760
1636617449912,-8,767
1636617450679,-8,766
1636617451445,-8,768
1636617452213,-8,737
1636617453472,-8,726
1636617454198,-8,751
1636617454949,-8,741
1636617455691,-8,725
1636617456416,-8,726
1636617457142,-8,750
1636617457892,-8,749
1636617458641,-8,783
1636617459426,-8,766
1636617460192,-8,758
1636617460950,-8,806
1636617461756,-8,767
1636617464099,-8,769
1636617464868,-8,757
1636617465625,-8,758
1636617466383,-8,771
1636617467154,-8,767
1636617467922,-8,766
1636617468688,-8,770
1636617469458,-8,774
1636617470232,-8,781
1636617471013,-8,796
1636617472616,-8,825
1636617473441,-8,859
1636617474300,-8,860
1636617475160,-8,854
1636617476020,-8,848
1636617476868,-8,809
1636617477677,-8,821
1636617478498,-8,800
1636617479298,-8,813
1636617481074,-8,822
1636617481896,-8,830
1636617482726,-8,811
1636617483537,-8,804
1636617484341,-8,793
1636617485136,-8,760
1636617485896,-8,808
1636617486704,-8,759
1636617487463,-8,763
1636617488226,-8,868
1636617489097,-8,775
1636617489872,-8,799
1636617490671,-8,806
1636617491477,-8,792
1636617492269,-8,795
1636617493068,-8,792
1636617493860,-8,784
1636617494644,-8,781
1636617495425,-8,789
1636617496214,-8,795
1636617497672,-8,771
1636617498443,-8,750
1636617499193,-8,730
1636617500640,-8,727
1636617501367,-8,744
1636617502111,-8,755
1636617502866,-8,760
1636617503632,-8,764
1636617504396,-8,766
1636617505162,-8,768
1636617505930,-8,771
1636617506701,-8,779
1636617507483,-8,773
1636617508256,-8,770
1636617509026,-8,769
1636617509795,-8,773
1636617510568,-8,781
1636617512132,-8,770
1636617512902,-8,768
1636617513670,-8,764
1636617514434,-8,767
1636617516203,-8,777
1636617516980,-8,783
1636617517763,-8,798
1636617518561,-8,831
1636617519392,-8,829
1636617520882,-8,822
1636617521704,-8,827
1636617522531,-8,828
1636617523360,-8,832
1636617524192,-8,832
1636617525024,-8,811
1636617525835,-8,780
1636617526615,-8,773
1636617528076,-8,796
1636617528872,-8,793
1636617529665,-8,775
1636617530440,-8,840
1636617531284,-8,792
1636617532076,-8,787
1636617532863,-8,800
1636617533663,-8,797
1636617534460,-8,788
1636617536008,-8,809
1636617536817,-8,786
1636617537603,-8,704
1636617539269,-8,775
1636617540044,-8,771
1636617540815,-8,768
1636617541583,-8,773
1636617542356,-8,780
1636617543139,-8,781
1636617543920,-8,779
1636617544699,-8,778
1636617545477,-8,779
1636617546256,-8,779
1636617547816,-8,784
1636617548600,-8,785
1636617549385,-8,787
1636617550172,-8,789
1636617550965,-8,787
1636617551752,-8,799
1636617552551,-8,772
1636617553323,-8,767
1636617554090,-8,809
1636617555574,-8,762
1636617556336,-8,793
1636617557129,-8,760
1636617557892,-8,796
1636617558688,-8,782
1636617559470,-8,782
1636617560252,-8,786
1636617561038,-8,743
1636617561930,-8,782
1636617562712,-8,783
1636617563495,-8,775
1636617564270,-8,772
1636617565042,-8,773
1636617565818,-8,774
1636617566592,-8,776
1636617567368,-8,779
1636617568147,-8,781
1636617568928,-8,781
1636617569713,-8,783
1636617570496,-8,785
1636617571281,-8,786
1636617572067,-8,787
1636617572854,-8,786
1636617573642,-8,782
1636617574424,-8,779
1636617575203,-8,766
1636617575969,-8,752
1636617576721,-8,775
1636617577878,-8,806
1636617578684,-8,753
1636617579437,-8,697
1636617581316,-8,768
1636617582084,-8,751
1636617582835,-8,738
1636617583573,-8,747
1636617584320,-8,745
1636617585066,-8,750
1636617585816,-8,765
1636617586581,-8,778
1636617587359,-8,768
1636617588127,-8,765
1636617588894,-8,766
1636617589660,-8,769
1636617590429,-8,772
1636617591201,-8,781
1636617591982,-8,786
1636617592772,-8,784
1636617593556,-8,787
1636617594343,-8,791
1636617595134,-8,794
1636617595928,-8,806
1636617596736,-8,836
1636617597572,-8,838
1636617600098,-8,902
1636617601000,-8,867
1636617601867,-8,838
1636617602705,-8,834
1636617603539,-8,841
1636617604382,-8,750
1636617605132,-8,680
1636617605812,-8,750
1636617606562,-8,794
1636617607356,-8,801
1636617609158,-8,798
1636617609956,-8,794
1636617610750,-8,778
1636617611528,-8,756
1636617612284,-8,758
1636617613046,-8,762
1636617613808,-8,766
1636617614574,-8,772
1636617615346,-8,777
1636617616123,-8,781
1636617616907,-8,781
1636617617688,-8,782
1636617618470,-8,781
1636617619251,-8,779
1636617620030,-8,777
1636617620811,-8,777
1636617621588,-8,778
1636617622366,-8,782
1636617623148,-8,787
1636617623935,-8,791
1636617624727,-8,793
1636617625520,-8,792
1636617626312,-8,805
1636617627117,-8,789
1636617627906,-8,765
1636617629356,-8,781
1636617630137,-8,773
1636617630910,-8,764
1636617631674,-8,808
1636617632483,-8,749
1636617633232,-8,775
1636617634007,-8,789
1636617634796,-8,746
1636617635542,-8,759
1636617636305,-8,767
1636617637072,-8,774
1636617637846,-8,743
1636617638589,-8,751
1636617639340,-8,777
1636617640824,-8,793
1636617641617,-8,791
1636617642408,-8,786
1636617644194,-8,770
1636617644964,-8,741
1636617645705,-8,741
1636617646446,-8,743
1636617647189,-8,745
1636617647937,-8,751
1636617648688,-8,749
1636617649437,-8,750
1636617650187,-8,746
1636617650933,-8,746
1636617651682,-8,758
1636617652440,-8,784
1636617653224,-8,788
1636617654012,-8,802
1636617654814,-8,811
1636617655627,-8,825
1636617656452,-8,840
1636617657292,-8,833
1636617658125,-8,846
1636617658971,-8,883
1636617659858,-8,854
1636617660712,-8,812
1636617661524,-8,796
1636617662320,-8,785
1636617663105,-8,775
1636617663883,-8,765
1636617664648,-8,736
1636617665384,-8,725
1636617666109,-8,731
1636617666840,-8,754
1636617667597,-8,791
1636617668388,-8,799
1636617669187,-8,804
1636617669991,-8,810
1636617670801,-8,826
1636617671672,-8,787
1636617672459,-8,770
1636617673229,-8,751
1636617673980,-8,748
1636617674734,-8,798
1636617675532,-8,803
1636617676335,-8,781
1636617677116,-8,811
1636617677927,-8,787
1636617678715,-8,777
1636617679492,-8,765
1636617680257,-8,786
1636617681043,-8,783
1636617681826,-8,762
1636617682590,-8,762
1636617683352,-8,783
1636617684135,-8,806
1636617684941,-8,786
1636617685727,-8,797
1636617686529,-8,783
1636617687312,-8,764
1636617688076,-8,782
1636617688858,-8,793
1636617689651,-8,782
1636617690437,-8,795
1636617691232,-8,799
1636617692031,-8,809
1636617692840,-8,745
1636617693585,-8,799
1636617695144,-8,745
1636617695889,-8,781
1636617696670,-8,764
1636617697434,-8,759
1636617698198,-8,786
1636617698984,-8,777
1636617699761,-8,771
1636617700532,-8,788
1636617701320,-8,798
1636617702121,-8,807
1636617702928,-8,774
1636617703702,-8,799
1636617704501,-8,788
1636617705289,-8,778
1636617706840,-8,793
1636617707633,-8,790
1636617708423,-8,764
1636617709187,-8,793
1636617709988,-8,780
1636617710768,-8,782
1636617711550,-8,771
1636617712321,-8,796
1636617713117,-8,757
1636617714656,-8,800
1636617715456,-8,801
1636617716257,-8,809
1636617717066,-8,833
1636617717903,-8,805
1636617718708,-8,806
1636617719514,-8,811
1636617720325,-8,817
1636617721142,-8,775
1636617721922,-8,802
1636617722724,-8,786
1636617723510,-8,775
1636617724285,-8,773
1636617725058,-8,773
1636617725834,-8,770
1636617726604,-8,780
1636617727384,-8,753
1636617728137,-8,759
1636617728896,-8,783
1636617730424,-8,768
1636617731192,-8,776
1636617731968,-8,780
1636617732748,-8,780
1636617733530,-8,782
1636617734312,-8,872
1636617735949,-8,803
1636617736752,-8,810
1636617737562,-8,812
1636617738374,-8,811
1636617739185,-8,800
1636617739986,-8,790
1636617740776,-8,782
1636617741558,-8,775
1636617742333,-8,769
1636617743102,-8,766
1636617743869,-8,763
1636617744632,-8,744
1636617745376,-8,737
1636617746113,-8,741
1636617746854,-8,746
1636617747602,-8,750
1636617748352,-8,753
1636617749105,-8,784
1636617749889,-8,798
1636617750687,-8,785
1636617752236,-8,801
1636617753037,-8,793
1636617753830,-8,777
1636617754607,-8,768
1636617756156,-8,741
1636617756897,-8,734
1636617757631,-8,767
1636617758398,-8,764
1636617759164,-8,796
1636617759960,-8,812
1636617760772,-8,786
1636617761558,-8,822
1636617762380,-8,809
1636617763976,-8,789
1636617764765,-8,800
1636617765565,-8,781
1636617766346,-8,802
1636617767155,-8,765
1636617767920,-8,767
1636617768687,-8,792
1636617769479,-8,770
1636617770249,-8,763
1636617771013,-8,747
1636617771760,-8,748
1636617772508,-8,781
1636617773289,-8,766
1636617774055,-8,779
1636617774839,-8,773
1636617775612,-8,800
1636617776412,-8,798
1636617777210,-8,760
1636617777970,-8,764
1636617779516,-8,771
1636617780287,-8,776
1636617781063,-8,787
1636617781850,-8,774
1636617782627,-8,789
1636617783416,-8,759
1636617784175,-8,786
1636617784961,-8,775
1636617785736,-8,761
1636617787284,-8,767
1636617788051,-8,768
1636617788819,-8,774
1636617789593,-8,751
1636617790826,-8,765
1636617791591,-8,762
1636617792353,-8,770
1636617794123,-8,789
1636617794912,-8,799
1636617795711,-8,748
1636617796459,-8,807
1636617797266,-8,767
1636617798808,-8,749
1636617799557,-8,756
1636617800313,-8,764
1636617801077,-8,731
1636617801811,-8,777
1636617802588,-8,752
1636617803340,-8,721
1636617804061,-8,753
1636617804814,-8,750
1636617805567,-8,781
1636617806348,-8,755
1636617807103,-8,796
1636617807899,-8,757
1636617808656,-8,785
1636617809969,-8,779
1636617810748,-8,762
1636617811510,-8,743
1636617813012,-8,745
1636617813757,-8,732
1636617814489,-8,713
1636617815202,-8,751
1636617816959,-8,753
1636617817712,-8,765
1636617818477,-8,756
1636617819233,-8,752
1636617819985,-8,736
1636617821512,-8,749
1636617822261,-8,771
1636617823032,-8,755
1636617823787,-8,765
1636617824553,-8,747
1636617825300,-8,772
1636617826072,-8,784
1636617826856,-8,792
1636617827648,-8,816
1636617828474,-8,806
1636617829280,-8,782
1636617830062,-8,796
1636617830858,-8,809
1636617831667,-8,911
1636617833317,-8,807
1636617834124,-8,800
1636617834924,-8,791
1636617835715,-8,782
1636617836497,-8,777
1636617837827,-8,779
1636617838606,-8,779
1636617839385,-8,779
1636617841165,-8,779
1636617841944,-8,779
1636617842723,-8,779
1636617843502,-8,781
1636617844283,-8,782
1636617845068,-8,784
1636617845852,-8,784
1636617846636,-8,781
1636617847417,-8,779
1636617848196,-8,809
1636617849668,-8,761
1636617850429,-8,801
1636617851230,-8,757
1636617852748,-8,746
1636617853494,-8,747
1636617854241,-8,775
1636617855016,-8,762
1636617855782,-8,750
1636617856532,-8,772
1636617857304,-8,782
1636617858086,-8,792
1636617858878,-8,778
1636617859658,-8,802
1636617860460,-8,776
1636617861236,-8,786
1636617862022,-8,771
1636617862793,-8,799
1636617863594,-8,770
1636617864364,-8,791
1636617865155,-8,791
1636617865946,-8,768
1636617866714,-8,762
1636617867479,-8,793
1636617868272,-8,785
1636617869057,-8,785
1636617869842,-8,777
1636617870619,-8,800
1636617871423,-8,757
1636617872180,-8,777
1636617872957,-8,791
1636617873748,-8,760
1636617874508,-8,724
1636617875432,-8,748
1636617876180,-8,741
1636617876921,-8,738
1636617877659,-8,733
1636617878392,-8,733
1636617879132,-8,740
1636617879872,-8,747
1636617880619,-8,750
1636617881369,-8,761
1636617882130,-8,780
1636617883668,-8,770
1636617884438,-8,803
1636617885241,-8,809
1636617886050,-8,809
1636617886863,-8,809
1636617887672,-8,803
1636617888475,-8,798
1636617889273,-8,797
1636617890070,-8,803
1636617891604,-8,780
1636617892384,-8,807
1636617893191,-8,795
1636617893986,-8,807
1636617894794,-8,802
1636617895596,-8,816
1636617896412,-8,764
1636617897176,-8,747
1636617897923,-8,776
1636617899629,-8,779
1636617900408,-8,753
1636617901161,-8,737
1636617901898,-8,744
1636617902642,-8,753
1636617903397,-8,755
1636617904152,-8,750
1636617904902,-8,737
1636617905639,-8,723
1636617906362,-8,722
1636617907086,-8,726
1636617907812,-8,728
1636617908540,-8,753
1636617909293,-8,765
1636617910058,-8,752
1636617910813,-8,755
1636617911568,-8,768
1636617912336,-8,796
1636617913132,-8,790
1636617913922,-8,776
1636617915479,-8,792
1636617916271,-8,807
1636617917078,-8,772
1636617917852,-8,792
1636617918644,-8,749
1636617919393,-8,755
1636617920148,-8,762
1636617920910,-8,759
1636617921675,-8,741
1636617922416,-8,754
1636617923170,-8,747
1636617923917,-8,764
1636617924681,-8,762
1636617925446,-8,770
1636617926216,-8,793
1636617927009,-8,758
1636617927767,-8,805
1636617928572,-8,773
1636617929346,-8,782
1636617930128,-8,781
1636617930909,-8,797
1636617931706,-8,757
1636617932463,-8,789
1636617933253,-8,779
1636617934032,-8,760
1636617934792,-8,781
1636617935573,-8,775
1636617936348,-8,754
1636617937105,-8,767
1636617937872,-8,794
1636617938666,-8,753
1636617939419,-8,760
1636617940179,-8,790
1636617940973,-8,751
1636617941724,-8,731
1636617942455,-8,771
1636617943226,-8,764
1636617943990,-8,777
1636617944769,-8,763
1636617945532,-8,775
1636617946307,-8,749
1636617947885,-8,759
1636617948644,-8,766
1636617949410,-8,775
1636617950185,-8,780
1636617950965,-8,789
1636617951758,-8,810
1636617952568,-8,780
1636617953348,-8,775
1636617954123,-8,768
1636617954891,-8,762
1636617955657,-8,759
1636617956416,-8,759
1636617957175,-8,758
1636617957933,-8,759
1636617958692,-8,763
1636617960220,-8,761
1636617960981,-8,752
